INSERT INTO users (id, email, first_name, last_name, password, role) VALUES (1, 'test@test.com', 'Test', 'TEST', '$2a$10$WofXj/.5rYjITWhQaPWSJ.HKunqgefIoUsPpqB6hEj2gbuhcpdX3q', 'USER'), (2, 'john@doe.com', 'John', 'Doe', '$2a$10$WofXj/.5rYjITWhQaPWSJ.HKunqgefIoUsPpqB6hEj2gbuhcpdX3q', 'USER'), (3, 'alex@doe.com', 'Alex', 'Doe', '$2a$10$WofXj/.5rYjITWhQaPWSJ.HKunqgefIoUsPpqB6hEj2gbuhcpdX3q', 'USER');
SELECT pg_catalog.setval('public.user_id_seq', 3, true);

INSERT INTO posts (id, user_id, created_at, updated_at, content, title) VALUES 
(1, 2, '2023-05-01T10:00:00Z', '1973-10-28T07:27:17Z', 'Enim earum aliquam qui nam ut. Iste ducimus animi ipsum illo aut architecto voluptates. Rerum dolore dolor consequuntur dolor. Minus eos nam ducimus ab nulla eum.', 'Soluta beatae qui enim et recusandae.'),
(2, 1, '2023-05-02T10:00:00Z', '2023-05-02T10:00:00Z', 'Reiciendis id tempore nesciunt eaque quaerat. Et officia sed aliquam quaerat qui consequatur possimus. Molestias inventore reiciendis doloribus. Quam unde voluptatem ipsum est.', 'Et hic sed ea expedita atque voluptatem.'),
(3, 2, '2023-05-03T10:00:00Z', '2023-05-03T10:00:00Z', 'Commodi aspernatur nulla et ullam et commodi. Distinctio architecto sint itaque nostrum laborum et. Laudantium doloremque officia nisi placeat rem odit. Voluptatem optio laboriosam eum eius.', 'Eveniet similique debitis unde ducimus qui.'),
(4, 1, '2023-05-04T10:00:00Z', '2023-05-04T10:00:00Z', 'Voluptatibus est quas quae facere possimus qui error. Nobis aut distinctio quae itaque enim eum. Qui a enim nulla modi.', 'Inventore eaque facilis dolorem laboriosam dolores.'),
(5, 1, '2023-05-05T10:00:00Z', '2023-05-05T10:00:00Z', 'Et molestiae est eius voluptas. Accusamus numquam rerum ratione quia. Ipsa vel molestiae ut consequatur.', 'In modi ea et neque error fugit et.'),
(6, 3, '2023-05-06T10:00:00Z', '2023-05-06T10:00:00Z', 'Sed corrupti consequuntur sint sint occaecati molestiae est. Impedit voluptatem eos optio deserunt consequatur ut et. Et et libero minus. Odit fuga quo aut alias magnam.', 'Nesciunt modi atque voluptatem voluptatem sed commodi.'),
(7, 2, '2023-05-07T10:00:00Z', '2023-05-07T10:00:00Z', 'Quaerat est eveniet accusamus. Culpa fugit aliquid reprehenderit a qui. Et exercitationem earum doloremque aspernatur ducimus modi.', 'Earum explicabo molestiae aperiam numquam.'),
(8, 1, '2023-05-08T10:00:00Z', '2023-05-08T10:00:00Z', 'Doloribus quasi doloribus id maiores dicta aut a. Architecto ab rem est inventore qui nam. Veritatis quia fugit magni velit laudantium.', 'Culpa eligendi laboriosam voluptatum.'),
(9, 3, '2023-05-09T10:00:00Z', '2023-05-09T10:00:00Z', 'Voluptatem et odio deleniti aut nostrum nisi. Id eveniet maxime est quisquam eos reprehenderit. Perspiciatis quaerat in sed sint laudantium qui excepturi. Praesentium sit doloribus iure.', 'Perferendis eveniet magnam eveniet sequi quo.'),
(10, 1, '2023-05-10T12:00:00Z', '2023-05-10T12:00:00Z', 'Autem qui molestias reiciendis perspiciatis. Ad et sapiente voluptate. Placeat ducimus voluptates dolorem earum qui.', 'Quo provident voluptatum numquam voluptas et.'),
(11, 1, '2023-05-11T12:00:00Z', '2023-05-11T12:00:00Z', 'Amet laborum excepturi sit cumque. Quas quod delectus in deleniti molestiae. Perferendis expedita et blanditiis ipsam delectus et quia. Incidunt ducimus dolor sit.', 'Vel aspernatur molestias maiores porro ipsum nemo eius molestiae.'),
(12, 3, '2023-05-12T12:00:00Z', '2023-05-12T12:00:00Z', 'Minus magnam omnis enim. Rem et aut sunt laudantium voluptatem eaque perferendis. Aut voluptatum totam adipisci qui. Fugiat sapiente rerum aut voluptas dolorem quae distinctio est.', 'Asperiores voluptate et quaerat assumenda officia quo dolor.'),
(13, 2, '2023-05-13T12:00:00Z', '2023-05-13T12:00:00Z', 'Excepturi excepturi in error corporis autem cupiditate. Maiores repellendus cum consequatur perferendis. Qui ea vero eos omnis ipsam dolores. Hic et commodi aliquid ut sint ex sequi.', 'Aut ut nemo dolores eum molestiae itaque.'),
(14, 2, '2023-05-14T12:00:00Z', '2023-05-14T12:00:00Z', 'Repellat et quam quasi ipsa omnis quia expedita. Magnam dignissimos fuga ratione et aut quibusdam corporis sed. Inventore et dolore voluptas ut culpa.', 'Non praesentium delectus beatae.'),
(15, 1, '2023-05-15T12:00:00Z', '2023-05-15T12:00:00Z', 'Tempora sequi hic natus iste. Quos aut a aspernatur debitis. Natus consectetur amet quibusdam aspernatur sed debitis illo. Sint dolor rerum commodi occaecati veritatis.', 'Odio et ut rem consequatur ut dignissimos.'),
(16, 3, '2023-05-16T12:00:00Z', '2023-05-16T12:00:00Z', 'Molestiae quo itaque blanditiis neque vel itaque atque. Soluta voluptatem aut non consequatur incidunt sed ipsam. Deleniti sed nihil cumque.', 'Qui unde ut facilis minima nihil quasi officia.'),
(17, 1, '2023-05-16T12:00:00Z', '2023-05-16T12:00:00Z', 'Natus doloremque odio libero ea facilis quia. Cupiditate exercitationem ipsum dicta voluptas qui similique. Dolore ipsa aperiam qui sunt nostrum.', 'Voluptatem voluptatem ullam amet.'),
(18, 1, '2023-05-16T12:00:00Z', '2023-05-16T12:00:00Z', 'Enim aspernatur sit hic impedit quia. Totam aperiam soluta voluptatem eius. Placeat velit omnis adipisci illum eius debitis cumque et.', 'Sint dignissimos aliquam qui nesciunt quidem rerum.'),
(19, 2, '2023-05-16T12:00:00Z', '2023-05-16T12:00:00Z', 'Quia omnis quam velit qui quibusdam. Vero consequatur praesentium quas aliquid architecto nihil. Deserunt quos consequatur qui aut eius.', 'Ut mollitia voluptas deleniti in mollitia.'),
(20, 3, '2023-05-17T15:30:00Z', '2023-05-17T15:30:00Z', 'Corrupti tempore eos suscipit consectetur eum. Natus nisi est facere molestiae. Ut molestiae perferendis molestiae quod minima iste. Earum dolor non laborum.', 'Sed aut facere dolorum.'),
(21, 2, '2023-05-18T15:30:00Z', '2023-05-18T15:30:00Z', 'Quisquam modi consectetur asperiores ab aut. Quidem alias ad aut nemo. Accusantium ipsam ea quo sunt ducimus aut itaque.', 'Possimus rerum voluptatibus enim.'),
(22, 2, '2023-05-19T15:30:00Z', '2023-05-19T15:30:00Z', 'Sed omnis enim voluptate voluptatem vel sed autem. Aut pariatur odit a ducimus accusamus pariatur impedit et. Ut dolores animi enim repellat enim. Distinctio repudiandae in sit non.', 'Cum rerum rerum sunt culpa id.'),
(23, 3, '2023-05-20T15:30:00Z', '2023-05-20T15:30:00Z', 'Placeat quibusdam minima aut eligendi et voluptatem. Mollitia animi animi amet non. Necessitatibus dolorum qui reiciendis autem ducimus assumenda voluptatum.', 'Cupiditate officiis laborum eum.'),
(24, 1, '2023-05-21T15:30:00Z', '2023-05-21T15:30:00Z', 'Voluptas minus mollitia sed beatae repellat perferendis. Et quo sit maxime porro. Cupiditate rerum iure quas iusto ex quam. Inventore aperiam rem dolor eum harum rerum.', 'Consequuntur incidunt eos accusantium autem dolores.'),
(25, 3, '2023-05-22T15:30:00Z', '2023-05-22T15:30:00Z', 'Quo ea labore voluptas tempore. Consequatur doloribus vel libero repellat quo. Deserunt et veniam accusamus molestias reiciendis dolore alias. Vel ut explicabo animi similique.', 'Deleniti excepturi quaerat est rerum modi reprehenderit.'),
(26, 2, '2023-05-23T15:30:00Z', '2023-05-23T15:30:00Z', 'Qui omnis voluptates id velit alias dolores exercitationem. Natus dolor rerum exercitationem dolorum ullam quisquam et. Perspiciatis nihil nam eligendi provident. Quo qui vitae commodi aut excepturi.', 'Ut eum harum est.'),
(27, 2, '2023-05-24T15:30:00Z', '2023-05-24T15:30:00Z', 'Praesentium a tenetur libero quae possimus. Dolorum debitis distinctio magni ipsum. Et porro a repellat sunt voluptatem.', 'Ut et fuga est.'),
(28, 2, '2023-05-25T15:30:00Z', '2023-05-25T15:30:00Z', 'Tenetur numquam cupiditate aut et amet. Et voluptate rerum fugit quae beatae autem. Sint vel sit et. Dicta rerum quidem alias.', 'Voluptas qui sit voluptas et commodi.'),
(29, 1, '2023-05-25T15:30:00Z', '2023-05-25T15:30:00Z', 'Molestiae rem dolorem totam voluptatem dicta et. Nobis velit cum est officia. Aliquam voluptas rerum totam fugit. Aut quos ex nostrum reiciendis sequi.', 'Ullam nulla dicta a sit.'),
(30, 3, '2023-05-25T15:30:00Z', '2023-05-25T15:30:00Z', 'Temporibus explicabo corrupti aliquam nulla aliquid et mollitia. Quia nulla doloribus modi quis. In temporibus aspernatur ut ut eum incidunt impedit sapiente.', 'Libero aspernatur magnam eligendi unde non.');

SELECT pg_catalog.setval('public.post_id_seq', 30, true);

INSERT INTO comments (id, post_id, user_id, comment, created_at)
VALUES (1, 1, 3, 'Ab sint animi ipsum tempora ex.', '2023-05-01T12:20:00Z'), (2, 2, 1, 'Consequatur voluptatem iusto cum.', '2023-05-02T12:30:00Z'), (3, 3, 1, 'Perspiciatis laborum earum quos laudantium quis provident.', '2023-05-03T12:10:00Z'), (4, 4, 3, 'Aut error ullam accusantium aut.', '2023-05-04T14:00:00Z'), (5, 5, 2, 'Aperiam at vitae libero.', '2023-05-05T13:00:00Z'), (6, 6, 3, 'Animi vitae quam illo fugit.', '2023-05-06T15:00:00Z'), (7, 7, 1, 'Sint ut aliquam in nulla quo assumenda.', '2023-05-07T16:00:00Z'), (8, 8, 2, 'Culpa quia officia et at et numquam.', '2023-05-08T10:05:00Z'), (9, 9, 1, 'Vitae aliquam dolorem sequi veritatis dolorem ducimus.', '2023-05-09T12:00:00Z'), (10, 10, 1, 'Cum numquam voluptatibus cupiditate enim.', '2023-05-10T19:00:00Z'), (11, 11, 3, 'Voluptatem tempora deserunt et explicabo.', '2023-05-11T18:00:00Z'), (12, 12, 1, 'Vel non ullam asperiores rerum.', '2023-05-12T12:45:00Z'), (13, 13, 2, 'Odio quam sunt ea repellat reiciendis.', '2023-05-13T12:34:00Z'), (14, 14, 1, 'Qui deserunt sit sequi.', '2023-05-14T12:39:00Z'), (15, 15, 3, 'Dolore quos illo earum facere.', '2023-05-15T14:20:00Z'), (16, 16, 3, 'Architecto ex illum maiores.', '2023-05-16T14:37:00Z'), (17, 17, 3, 'Vero recusandae praesentium expedita voluptatem veniam quia.', '2023-05-16T13:01:00Z'), (18, 18, 2, 'Voluptatem sint voluptas consequatur ducimus est.', '2023-05-16T15:00:00Z'), (19, 19, 1, 'Est odio molestiae delectus eligendi amet aut.', '2023-05-16T17:00:00Z'), (20, 20, 2, 'Optio voluptas voluptas dignissimos sed vero repellat.', '2023-05-17T16:30:00Z'), (21, 21, 1, 'Voluptas eum et nobis harum adipisci sint.', '2023-05-18T17:30:00Z'), (22, 22, 1, 'Aut ut expedita enim iusto non nemo.', '2023-05-19T18:30:00Z'), (23, 23, 3, 'Quaerat labore maxime explicabo.', '2023-05-20T19:30:00Z'), (24, 24, 3, 'Accusamus maiores mollitia blanditiis.', '2023-05-21T21:30:00Z'), (25, 25, 2, 'Sunt reprehenderit non odio at.', '2023-05-22T22:30:00Z'), (26, 26, 1, 'Incidunt dolor ab voluptatum.', '2023-05-23T23:30:00Z'), (27, 27, 2, 'Autem perferendis maxime odio omnis sit inventore.', '2023-05-24T17:22:00Z'), (28, 28, 1, 'Doloribus rerum id assumenda.', '2023-05-25T12:58:00Z'), (29, 29, 2, 'Magni libero totam cumque nostrum illo.', '2023-05-25T20:30:00Z'), (30, 30, 3, 'Adipisci modi minus aut asperiores velit incidunt.', '2023-05-25T11:45:00Z'), (31, 30, 2, 'Culpa quia officia et at et numquam.', '2023-05-25T11:45:00Z'), (32, 30, 1, 'Sunt reprehenderit non odio at.', '2023-05-25T11:45:00Z');

SELECT pg_catalog.setval('public.comment_id_seq', 100, true);
